{"1": [0.4899179935455322, 20.659299850463867, 0.26200300455093384, 7.740389823913574, 0.19676700234413147, 49.55189895629883, 0.04987899959087372, 2.201590061187744, 0.0013050000416114926], "2": [0.8733999729156494, 9.103699684143066, 0.6309000253677368, 3.356800079345703, 0.31119999289512634, 22.927600860595703, 0.17800000309944153, 0.9821000099182129, 0.006399999838322401], "3": [1.1282000541687012, 3.9546000957489014, 0.7508000135421753, 1.05239999294281, 0.6175000071525574, 85.3905029296875, 0.4652999937534332, 168.26100158691406, 0.037700001150369644], "4": [1.5918999910354614, 43.6427001953125, 1.1277999877929688, 1.8623000383377075, 0.5390999913215637, 103.48300170898438, 0.7028999924659729, 0.5419999957084656, 0.03849999979138374], "5": [2.054500102996826, 23.2185001373291, 1.3325999975204468, 1.0210000276565552, 1.0979000329971313, 60.34980010986328, 0.7067999839782715, 0.14030000567436218, -0.1932000070810318], "6": [2.309999942779541, 20.843900680541992, 1.0199999809265137, 10.207500457763672, 1.5886000394821167, 0.5687000155448914, 0.8650000095367432, 51.65119934082031, 0.21559999883174896], "7": [12.212599754333496, 0.00570000009611249, 3.132200002670288, 9.89330005645752, 2.012500047683716, 28.997499465942383, 1.1663000583648682, 0.5825999975204468, -11.529000282287598], "8": [3.0485000610351562, 13.277099609375, 2.286799907684326, 5.701099872589111, 1.5463000535964966, 0.3239000141620636, 0.8669999837875366, 32.90890121459961, 0.2508000135421753], "9": [3.5392000675201416, 10.282500267028809, 2.641200065612793, 4.294400215148926, 1.5169999599456787, 0.2615000009536743, 1.0242999792099, 26.147600173950195, 0.2775999903678894], "10": [3.9553000926971436, 8.404199600219727, 3.112499952316284, 3.4261999130249023, 1.4545999765396118, 0.2305999994277954, 1.125100016593933, 21.718399047851562, 0.351500004529953], "11": [4.762599945068359, 3.2850000858306885, 3.1735999584198, 8.84220027923584, 1.2674000263214111, 0.31360000371932983, 1.1128000020980835, 129.4239959716797, 0.6759999990463257], "12": [5.420400142669678, 2.827500104904175, 2.1735000610351562, 79.26110076904297, 1.2268999814987183, 0.3808000087738037, 2.307300090789795, 7.193699836730957, 0.8583999872207642], "13": [6.420199871063232, 3.0387001037597656, 1.9002000093460083, 0.7426000237464905, 1.5936000347137451, 31.547199249267578, 1.9645999670028687, 85.0886001586914, 1.1151000261306763], "14": [6.291500091552734, 2.4386000633239746, 3.0353000164031982, 32.33369827270508, 1.9890999794006348, 0.6784999966621399, 1.5410000085830688, 81.6937026977539, 1.1406999826431274], "15": [6.434500217437744, 1.9067000150680542, 4.179100036621094, 27.156999588012695, 1.7799999713897705, 0.5260000228881836, 1.4908000230789185, 68.16449737548828, 1.11489999294281], "16": [6.905300140380859, 1.467900037765503, 5.203400135040283, 22.215099334716797, 1.4378999471664429, 0.25360000133514404, 1.586300015449524, 56.172000885009766, 0.8669000267982483], "17": [11.460399627685547, 0.010400000028312206, 7.196400165557861, 1.166200041770935, 6.2555999755859375, 18.519399642944336, 1.6454999446868896, 47.77840042114258, -9.55739974975586], "18": [7.484499931335449, 0.9071999788284302, 6.772299766540527, 14.840700149536133, 0.6539000272750854, 43.89830017089844, 1.6441999673843384, 33.39289855957031, 1.4444999694824219], "19": [8.218600273132324, 12.794899940490723, 7.439799785614014, 0.7748000025749207, 1.051900029182434, 213.18699645996094, 0.8658999800682068, 41.68410110473633, 1.4227999448776245], "20": [8.62660026550293, 10.442099571228027, 7.38730001449585, 0.6599000096321106, 1.589900016784668, 85.74839782714844, 1.0211000442504883, 178.43699645996094, 1.375100016593933], "21": [9.189000129699707, 9.021300315856934, 7.3678998947143555, 0.5728999972343445, 1.6409000158309937, 136.10800170898438, 1.468000054359436, 51.35309982299805, 1.332900047302246], "22": [9.759499549865723, 7.850800037384033, 7.355800151824951, 0.5, 1.6991000175476074, 35.6338005065918, 1.9020999670028687, 116.1050033569336, 1.2806999683380127], "23": [10.297100067138672, 6.865699768066406, 7.351099967956543, 0.43849998712539673, 2.0703001022338867, 26.893800735473633, 2.0571000576019287, 102.47799682617188, 1.2199000120162964], "24": [10.640600204467773, 6.103799819946289, 7.353700160980225, 0.3919999897480011, 3.3239998817443848, 20.26259994506836, 1.4922000169754028, 98.73989868164062, 1.1832000017166138], "25": [11.281900405883789, 5.34089994430542, 7.3572998046875, 0.3431999981403351, 3.0192999839782715, 17.867399215698242, 2.2441000938415527, 83.75430297851562, 1.0895999670028687], "26": [11.769499778747559, 4.761099815368652, 7.3572998046875, 0.30720001459121704, 3.522200107574463, 15.353500366210938, 2.304500102996826, 76.88050079345703, 1.0369000434875488], "27": [12.284099578857422, 4.279099941253662, 7.34089994430542, 0.2784000039100647, 4.003399848937988, 13.535900115966797, 2.34879994392395, 71.16919708251953, 1.0118000507354736], "28": [12.837599754333496, 3.878499984741211, 7.291999816894531, 0.2565000057220459, 4.44379997253418, 12.176300048828125, 2.380000114440918, 66.34210205078125, 1.03410005569458], "29": [13.338000297546387, 3.5827999114990234, 7.167600154876709, 0.24699999392032623, 5.615799903869629, 11.396599769592285, 1.6734999418258667, 64.8125991821289, 1.190999984741211], "30": [14.074299812316895, 3.265500068664551, 7.031799793243408, 0.23330000042915344, 5.165200233459473, 10.316300392150879, 2.4100000858306885, 58.70970153808594, 1.3041000366210938], "31": [15.235400199890137, 3.0669000148773193, 6.7006001472473145, 0.24120000004768372, 4.359099864959717, 10.780500411987305, 2.9623000621795654, 61.41350173950195, 1.7188999652862549], "32": [16.081600189208984, 2.8508999347686768, 6.37470006942749, 0.2515999972820282, 3.7067999839782715, 11.446800231933594, 3.683000087738037, 54.76250076293945, 2.1312999725341797], "33": [16.672300338745117, 2.634500026702881, 6.070099830627441, 0.2646999955177307, 3.431299924850464, 12.94789981842041, 4.277900218963623, 47.79719924926758, 2.5309998989105225], "34": [17.000600814819336, 2.4098000526428223, 5.8196001052856445, 0.272599995136261, 3.973099946975708, 15.237199783325195, 4.354300022125244, 43.81629943847656, 2.84089994430542], "35": [17.17889976501465, 2.172300100326538, 5.235799789428711, 16.579599380493164, 5.637700080871582, 0.26089999079704285, 3.985100030899048, 41.43280029296875, 2.955699920654297], "36": [17.355499267578125, 1.9384000301361084, 6.728600025177002, 16.562299728393555, 5.549300193786621, 0.22609999775886536, 3.5374999046325684, 39.39720153808594, 2.825000047683716], "37": [17.17840003967285, 1.7888000011444092, 9.643500328063965, 17.315099716186523, 5.139900207519531, 0.27480000257492065, 1.5291999578475952, 164.9340057373047, 3.487299919128418], "38": [17.566299438476562, 1.556399941444397, 9.818400382995605, 14.098799705505371, 5.421999931335449, 0.1664000004529953, 2.6693999767303467, 132.37600708007812, 2.5064001083374023], "39": [17.775999069213867, 1.402899980545044, 10.294599533081055, 12.800600051879883, 5.726290225982666, 0.1255989968776703, 3.2658801078796387, 104.35399627685547, 1.9121299982070923], "40": [17.87649917602539, 1.2761800289154053, 10.947999954223633, 11.916000366210938, 5.4173197746276855, 0.1176220029592514, 3.657210111618042, 87.6626968383789, 2.0692899227142334], "41": [17.614200592041016, 1.1886500120162964, 12.014399528503418, 11.765999794006348, 4.041830062866211, 0.20478500425815582, 3.5334599018096924, 69.79570007324219, 3.7559099197387695], "42": [3.702500104904175, 0.27720001339912415, 17.235599517822266, 1.0958000421524048, 12.88759994506836, 11.003999710083008, 3.7428998947143555, 61.65840148925781, 4.387499809265137], "43": [19.13010025024414, 0.8641319870948792, 11.094799995422363, 8.144869804382324, 4.649010181427002, 21.57069969177246, 2.712630033493042, 86.84719848632812, 5.404280185699463],